----------------------------------------------------------------
### Full Task 03 verification suite (re-run with the exit-code capture fixed)
COMMAND   : ./scripts/verify.sh
CWD       : /c/Users/abual/devops-tasks/03-mssql
TIMESTAMP : 2026-08-26 06:55:21 +0300
----------------------------------------------------------------
=== Task 03 verification suite ===
started: 2026-08-26 06:55:22 +0300

################################################################
# 0. Bring up, schema and seed (idempotent)
################################################################

==> 1. Configuration
    .env present, left untouched
    SA password secret present, left untouched

==> 2. Build images
#1 [internal] load local bake definitions
#1 reading from stdin 1.01kB done
#1 DONE 0.0s

#2 [backup internal] load build definition from Dockerfile
#2 transferring dockerfile: 783B done
#2 DONE 0.0s

#3 [mssql internal] load build definition from Dockerfile
#3 transferring dockerfile: 1.52kB done
#3 DONE 0.1s

#4 [mssql internal] load metadata for mcr.microsoft.com/mssql/server:2022-latest@sha256:ba4c8329f48fb8f02e1416be6a930ebfd71268caee78aa985f3af4315e457c89
#4 DONE 0.2s

#5 [backup internal] load .dockerignore
#5 transferring context: 2B done
#5 DONE 0.0s

#6 [mssql internal] load .dockerignore
#6 transferring context: 2B done
#6 DONE 0.0s

#7 [backup 1/4] FROM mcr.microsoft.com/mssql/server:2022-latest@sha256:ba4c8329f48fb8f02e1416be6a930ebfd71268caee78aa985f3af4315e457c89
#7 resolve mcr.microsoft.com/mssql/server:2022-latest@sha256:ba4c8329f48fb8f02e1416be6a930ebfd71268caee78aa985f3af4315e457c89 0.0s done
#7 DONE 0.0s

#8 [backup internal] load build context
#8 transferring context: 121B done
#8 DONE 0.0s

#9 [mssql internal] load build context
#9 transferring context: 35B done
#9 DONE 0.0s

#10 [backup 2/4] COPY lib.sh backup.sh retention.sh scheduler.sh /opt/backup/
#10 CACHED

#11 [backup 3/4] RUN chmod 0755 /opt/backup/*.sh && mkdir -p /backups && chown -R mssql:root /backups /opt/backup
#11 CACHED

#12 [mssql 2/3] COPY entrypoint.sh /usr/local/bin/entrypoint.sh
#12 CACHED

#13 [backup 4/4] WORKDIR /opt/backup
#13 CACHED

#14 [mssql 3/3] RUN chmod 0755 /usr/local/bin/entrypoint.sh
#14 CACHED

#15 [backup] exporting to image
#15 exporting layers done
#15 exporting manifest sha256:b87a28815c7e2998520237a250c586c5e37ec31ee1feaacf2e164677ba9d0161 done
#15 exporting config sha256:2077b49815f0d623e6e7a4c6a41dfba558be9d95e7c1170270055106354dcfe9 done
#15 exporting attestation manifest sha256:99f9ce2405907c8496cc624d8ae0a19f75cb34931468c20fb9a7c2026c1117b0
#15 exporting attestation manifest sha256:99f9ce2405907c8496cc624d8ae0a19f75cb34931468c20fb9a7c2026c1117b0 0.1s done
#15 exporting manifest list sha256:d48bfa269ead8be2242102e67b01bed1f4465cea71f929e6d2e3029212810939
#15 exporting manifest list sha256:d48bfa269ead8be2242102e67b01bed1f4465cea71f929e6d2e3029212810939 0.0s done
#15 naming to docker.io/library/task03-backup:1.0.0 0.0s done
#15 unpacking to docker.io/library/task03-backup:1.0.0 0.0s done
#15 DONE 0.3s

#16 [mssql] exporting to image
#16 exporting layers done
#16 exporting manifest sha256:64ac5f0af80e15abb0b5fbc25188e5009688f4a353c7b1e440c131621af819b8 done
#16 exporting config sha256:eeaa2f57b85e44d30696610867fb1209e4f24fe85d9a5750a37adfcfa12e7366 done
#16 exporting attestation manifest sha256:d7a54c3e13f76dda8dbeb3daa4f757d609e230e7cdb60526996eae14214517e4 0.1s done
#16 exporting manifest list sha256:ccfcc2999c76180c7ebf9f3991ae3d31e9bbb049401b27a4c81d14e0790f755f 0.0s done
#16 naming to docker.io/library/task03-mssql:1.0.0 done
#16 unpacking to docker.io/library/task03-mssql:1.0.0 0.0s done
#16 DONE 0.3s

#17 [mssql] resolving provenance for metadata file
#17 DONE 0.0s

#18 [backup] resolving provenance for metadata file
#18 DONE 0.0s
 task03-backup:1.0.0  Built
 task03-mssql:1.0.0  Built

==> 3. Start the stack
 Container task03-mssql  Recreate
 Container task03-mssql  Recreated
 Container task03-backup  Recreate
 Container task03-backup  Recreated
 Container task03-mssql  Starting
 Container task03-mssql  Started
 Container task03-mssql  Waiting
 Container task03-mssql  Healthy
 Container task03-backup  Starting
 Container task03-backup  Started
 Container task03-backup  Waiting
 Container task03-mssql  Waiting
 Container task03-backup  Healthy
 Container task03-mssql  Healthy

==> 4. Service state
NAME            IMAGE                 COMMAND                  SERVICE   CREATED          STATUS                    PORTS
task03-backup   task03-backup:1.0.0   "/opt/backup/schedul…"   backup    14 seconds ago   Up 1 second               1433/tcp
task03-mssql    task03-mssql:1.0.0    "/usr/local/bin/entr…"   mssql     15 seconds ago   Up 11 seconds (healthy)   0.0.0.0:1433->1433/tcp, [::]:1433->1433/tcp

==> 5. Create database, schema and seed (idempotent)

--- sql/01-create-database.sql ---
Database AppDb already exists, leaving it alone
AppDb already in FULL recovery model
database                                                                                                                         recovery_model                                               page_verify                                                  state                                                       
-------------------------------------------------------------------------------------------------------------------------------- ------------------------------------------------------------ ------------------------------------------------------------ ------------------------------------------------------------
AppDb                                                                                                                            FULL                                                         CHECKSUM                                                     ONLINE                                                      

(1 rows affected)

--- sql/02-schema.sql ---
Changed database context to 'AppDb'.
Schema ready.
table                                                                                                                            foreign_keys check_constraints indexes    
-------------------------------------------------------------------------------------------------------------------------------- ------------ ----------------- -----------
customers                                                                                                                                   0                 2           2
order_items                                                                                                                                 2                 2           4
orders                                                                                                                                      1                 1           3
products                                                                                                                                    0                 2           2

(4 rows affected)

--- sql/03-seed.sql ---
Changed database context to 'AppDb'.
Seed complete.
table       rows       
----------- -----------
customers            60
products             40
orders              300
order_items         750

==> 6. Current state
Changed database context to 'AppDb'.
table       rows                 checksum    id_sum              
----------- -------------------- ----------- --------------------
customers                     60  1717351129                 1830
products                      40  1666377240               596000
orders                       300  1234855848                 9150
order_items                  750  -361695091             33093050
fingerprint                                                                                                                                                                                 
--------------------------------------------------------------------------------------------------------------------------------------------------------------------------------------------
FINGERPRINT:60|40|300|750|1717351129|1666377240|1234855848|-361695091|33093050                                                                                                              
orphan_check                                                                      
----------------------------------------------------------------------------------
ORPHANS:0|0|0                                                                     

==> Stack is up
    connect: sqlcmd -S 127.0.0.1,1433 -U sa -C
    checks : scripts/verify.sh

################################################################
# 1. Schema and data inventory
################################################################
=== Schema and data inventory ===

--- database properties ---
database                                                                                                                         recovery_model                                               page_verify                                                  state                                                        compat
-------------------------------------------------------------------------------------------------------------------------------- ------------------------------------------------------------ ------------------------------------------------------------ ------------------------------------------------------------ ------
AppDb                                                                                                                            FULL                                                         CHECKSUM                                                     ONLINE                                                          160

(1 rows affected)

--- tables, with row counts and storage ---
Changed database context to 'AppDb'.
table                                                                                                                            row_count            size_mb     
-------------------------------------------------------------------------------------------------------------------------------- -------------------- ------------
customers                                                                                                                                          60          .07
order_items                                                                                                                                       750          .20
orders                                                                                                                                            300          .07
pitr_markers                                                                                                                                        1          .07
products                                                                                                                                           40          .07

(5 rows affected)

--- foreign keys ---
Changed database context to 'AppDb'.
constraint                                                                                                                       child_table                                                                                                                      parent_table                                                                                                                     on_delete                                                   
-------------------------------------------------------------------------------------------------------------------------------- -------------------------------------------------------------------------------------------------------------------------------- -------------------------------------------------------------------------------------------------------------------------------- ------------------------------------------------------------
FK_items_order                                                                                                                   order_items                                                                                                                      orders                                                                                                                           CASCADE                                                     
FK_items_product                                                                                                                 order_items                                                                                                                      products                                                                                                                         NO_ACTION                                                   
FK_orders_customer                                                                                                               orders                                                                                                                           customers                                                                                                                        NO_ACTION                                                   

(3 rows affected)

--- check and unique constraints ---
Changed database context to 'AppDb'.
table                                                                                                                            check_constraint                                                                                                                 definition                                                                                                                                                                                                                                                      
-------------------------------------------------------------------------------------------------------------------------------- -------------------------------------------------------------------------------------------------------------------------------- ----------------------------------------------------------------------------------------------------------------------------------------------------------------------------------------------------------------------------------------------------------------
customers                                                                                                                        CK_customers_country                                                                                                             ([country_code]=upper([country_code]))                                                                                                                                                                                                                          
customers                                                                                                                        CK_customers_email_shape                                                                                                         ([email] like '%_@_%.__%')                                                                                                                                                                                                                                      
order_items                                                                                                                      CK_items_price                                                                                                                   ([unit_price]>=(0))                                                                                                                                                                                                                                             
order_items                                                                                                                      CK_items_quantity                                                                                                                ([quantity]>(0))                                                                                                                                                                                                                                                
orders                                                                                                                           CK_orders_status                                                                                                                 ([status]='CANCELLED' OR [status]='SHIPPED' OR [status]='PAID' OR [status]='PENDING')                                                                                                                                                                           
products                                                                                                                         CK_products_price                                                                                                                ([unit_price]>(0))                                                                                                                                                                                                                                              
products                                                                                                                         CK_products_stock                                                                                                                ([stock_qty]>=(0))                                                                                                                                                                                                                                              

(7 rows affected)

--- indexes ---
Changed database context to 'AppDb'.
table                                                                                                                            index                                                                                                                            type                                                         unique
-------------------------------------------------------------------------------------------------------------------------------- -------------------------------------------------------------------------------------------------------------------------------- ------------------------------------------------------------ ------
customers                                                                                                                        PK_customers                                                                                                                     CLUSTERED                                                         1
customers                                                                                                                        UQ_customers_email                                                                                                               NONCLUSTERED                                                      1
order_items                                                                                                                      IX_items_order                                                                                                                   NONCLUSTERED                                                      0
order_items                                                                                                                      IX_items_product                                                                                                                 NONCLUSTERED                                                      0
order_items                                                                                                                      PK_order_items                                                                                                                   CLUSTERED                                                         1
order_items                                                                                                                      UQ_items_order_product                                                                                                           NONCLUSTERED                                                      1
orders                                                                                                                           IX_orders_customer                                                                                                               NONCLUSTERED                                                      0
orders                                                                                                                           IX_orders_date                                                                                                                   NONCLUSTERED                                                      0
orders                                                                                                                           PK_orders                                                                                                                        CLUSTERED                                                         1
pitr_markers                                                                                                                     PK__pitr_mar__120057E37657D900                                                                                                   CLUSTERED                                                         1
products                                                                                                                         PK_products                                                                                                                      CLUSTERED                                                         1
products                                                                                                                         UQ_products_sku                                                                                                                  NONCLUSTERED                                                      1

(12 rows affected)

--- sample of the data, joined across three tables ---
Changed database context to 'AppDb'.
order_id    full_name                                                                                                                status           line_count  order_total                             
----------- ------------------------------------------------------------------------------------------------------------------------ ---------------- ----------- ----------------------------------------
          1 Customer 001                                                                                                             PAID                       2                                   114.50
          2 Customer 002                                                                                                             SHIPPED                    3                                   471.00
          3 Customer 003                                                                                                             CANCELLED                  2                                   714.50
          4 Customer 004                                                                                                             PENDING                    3                                  1256.00
          5 Customer 005                                                                                                             PAID                       2                                   608.50
          6 Customer 006                                                                                                             SHIPPED                    3                                   887.00
          7 Customer 007                                                                                                             CANCELLED                  2                                   964.00
          8 Customer 008                                                                                                             PENDING                    3                                  1854.00

(8 rows affected)

--- state fingerprint ---
Changed database context to 'AppDb'.
table       rows                 checksum    id_sum              
----------- -------------------- ----------- --------------------
customers                     60  1717351129                 1830
products                      40  1666377240               596000
orders                       300  1234855848                 9150
order_items                  750  -361695091             33093050
fingerprint                                                                                                                                                                                 
--------------------------------------------------------------------------------------------------------------------------------------------------------------------------------------------
FINGERPRINT:60|40|300|750|1717351129|1666377240|1234855848|-361695091|33093050                                                                                                              
orphan_check                                                                      
----------------------------------------------------------------------------------
ORPHANS:0|0|0                                                                     

--- constraints are enforced, not decorative ---
    attempting an insert that violates CK_products_price (unit_price > 0):
      Changed database context to 'AppDb'.
      Msg 547, Level 16, State 1, Server b18f0ab97122, Line 1
      The INSERT statement conflicted with the CHECK constraint "CK_products_price". The conflict occurred in database "AppDb", table "dbo.products", column 'unit_price'.
      The statement has been terminated.
[PASS] negative price rejected by CK_products_price
    attempting an order for a customer that does not exist:
      Changed database context to 'AppDb'.
      Msg 547, Level 16, State 1, Server b18f0ab97122, Line 1
      The INSERT statement conflicted with the FOREIGN KEY constraint "FK_orders_customer". The conflict occurred in database "AppDb", table "dbo.customers", column 'customer_id'.
      The statement has been terminated.
[PASS] orphan order rejected by FK_orders_customer

RESULT: SCHEMA CHECKS PASSED

################################################################
# 2. SQL Server Agent availability
################################################################
=== SQL Server Agent availability probe ===

--- edition and version ---
edition                                                                                                                                                                                                                                                                                                                                                                                                                                                                                                                                                                                                                                                                                                                                                                                                                                                                                                                                                                                                                                                                                                                                                                                                                                                                                                                                                                                                                                                                                                                                                                                                                                                                                                                                                                                                                                                                                                                                                                                                                                                                                                                                                                                                                                                                                                                                                                                                                                                                                                                                                                                                                                                                                                                                                                                                                                                                                                                                                                                                                                                                                                                                                                                                                                                                                                                                                                                                                                                                                                                                                                                                                                                                                                                                                                                                                                                                                                                                                                                                                                                                                                                                                                                                                                                                                                                                                                                                                                                                                                                                                                                                                                                                                                                                                                                                                                                                                                                                                                                                                                                                                                                                                                                                                                                                                                                                                                                                                                                                                                                                                                                                                                                                                                                                                                                                                                                                                                                                                                                                                                                                                                                                                                                                                                                                                                                                                                                                                                                                                                                                                                                                                                                                                                                                                                                                                                                                                                                                                                                                                                                                                                                                                                                                                                                                                                                                                                                                                                                                                                                                                                                                                                                                                                                                                                                                                                                                                                                                                                                                                                                                                                                                                                                                                                                                                                                          version                                                                                                                                                                                                                                                                                                                                                                                                                                                                                                                                                                                                                                                                                                                                                                                                                                                                                                                                                                                                                                                                                                                                                                                                                                                                                                                                                                                                                                                                                                                                                                                                                                                                                                                                                                                                                                                                                                                                                                                                                                                                                                                                                                                                                                                                                                                                                                                                                                                                                                                                                                                                                                                                                                                                                                                                                                                                                                                                                                                                                                                                                                                                                                                                                                                                                                                                                                                                                                                                                                                                                                                                                                                                                                                                                                                                                                                                                                                                                                                                                                                                                                                                                                                                                                                                                                                                                                                                                                                                                                                                                                                                                                                                                                                                                                                                                                                                                                                                                                                                                                                                                                                                                                                                                                                                                                                                                                                                                                                                                                                                                                                                                                                                                                                                                                                                                                                                                                                                                                                                                                                                                                                                                                                                                                                                                                                                                                                                                                                                                                                                                                                                                                                                                                                                                                                                                                                                                                                                                                                                                                                                                                                                                                                                                                                                                                                                                                                                                                                                                                                                                                                                                                                                                                                                                                                                                                                                                                                                                                                                                                                                                                                                                                                                                                                                                                                          level                                                                                                                                                                                                                                                                                                                                                                                                                                                                                                                                                                                                                                                                                                                                                                                                                                                                                                                                                                                                                                                                                                                                                                                                                                                                                                                                                                                                                                                                                                                                                                                                                                                                                                                                                                                                                                                                                                                                                                                                                                                                                                                                                                                                                                                                                                                                                                                                                                                                                                                                                                                                                                                                                                                                                                                                                                                                                                                                                                                                                                                                                                                                                                                                                                                                                                                                                                                                                                                                                                                                                                                                                                                                                                                                                                                                                                                                                                                                                                                                                                                                                                                                                                                                                                                                                                                                                                                                                                                                                                                                                                                                                                                                                                                                                                                                                                                                                                                                                                                                                                                                                                                                                                                                                                                                                                                                                                                                                                                                                                                                                                                                                                                                                                                                                                                                                                                                                                                                                                                                                                                                                                                                                                                                                                                                                                                                                                                                                                                                                                                                                                                                                                                                                                                                                                                                                                                                                                                                                                                                                                                                                                                                                                                                                                                                                                                                                                                                                                                                                                                                                                                                                                                                                                                                                                                                                                                                                                                                                                                                                                                                                                                                                                                                                                                                                                                            windows_auth_only                                                                                                                                                                                                                                                                                                                                                                                                                                                                                                                                                                                                                                                                                                                                                                                                                                                                                                                                                                                                                                                                                                                                                                                                                                                                                                                                                                                                                                                                                                                                                                                                                                                                                                                                                                                                                                                                                                                                                                                                                                                                                                                                                                                                                                                                                                                                                                                                                                                                                                                                                                                                                                                                                                                                                                                                                                                                                                                                                                                                                                                                                                                                                                                                                                                                                                                                                                                                                                                                                                                                                                                                                                                                                                                                                                                                                                                                                                                                                                                                                                                                                                                                                                                                                                                                                                                                                                                                                                                                                                                                                                                                                                                                                                                                                                                                                                                                                                                                                                                                                                                                                                                                                                                                                                                                                                                                                                                                                                                                                                                                                                                                                                                                                                                                                                                                                                                                                                                                                                                                                                                                                                                                                                                                                                                                                                                                                                                                                                                                                                                                                                                                                                                                                                                                                                                                                                                                                                                                                                                                                                                                                                                                                                                                                                                                                                                                                                                                                                                                                                                                                                                                                                                                                                                                                                                                                                                                                                                                                                                                                                                                                                                                                                                                                                                                                                               
-------------------------------------------------------------------------------------------------------------------------------------------------------------------------------------------------------------------------------------------------------------------------------------------------------------------------------------------------------------------------------------------------------------------------------------------------------------------------------------------------------------------------------------------------------------------------------------------------------------------------------------------------------------------------------------------------------------------------------------------------------------------------------------------------------------------------------------------------------------------------------------------------------------------------------------------------------------------------------------------------------------------------------------------------------------------------------------------------------------------------------------------------------------------------------------------------------------------------------------------------------------------------------------------------------------------------------------------------------------------------------------------------------------------------------------------------------------------------------------------------------------------------------------------------------------------------------------------------------------------------------------------------------------------------------------------------------------------------------------------------------------------------------------------------------------------------------------------------------------------------------------------------------------------------------------------------------------------------------------------------------------------------------------------------------------------------------------------------------------------------------------------------------------------------------------------------------------------------------------------------------------------------------------------------------------------------------------------------------------------------------------------------------------------------------------------------------------------------------------------------------------------------------------------------------------------------------------------------------------------------------------------------------------------------------------------------------------------------------------------------------------------------------------------------------------------------------------------------------------------------------------------------------------------------------------------------------------------------------------------------------------------------------------------------------------------------------------------------------------------------------------------------------------------------------------------------------------------------------------------------------------------------------------------------------------------------------------------------------------------------------------------------------------------------------------------------------------------------------------------------------------------------------------------------------------------------------------------------------------------------------------------------------------------------------------------------------------------------------------------------------------------------------------------------------------------------------------------------------------------------------------------------------------------------------------------------------------------------------------------------------------------------------------------------------------------------------------------------------------------------------------------------------------------------------------------------------------------------------------------------------------------------------------------------------------------------------------------------------------------------------------------------------------------------------------------------------------------------------------------------------------------------------------------------------------------------------------------------------------------------------------------------------------------------------------------------------------------------------------------------------------------------------------------------------------------------------------------------------------------------------------------------------------------------------------------------------------------------------------------------------------------------------------------------------------------------------------------------------------------------------------------------------------------------------------------------------------------------------------------------------------------------------------------------------------------------------------------------------------------------------------------------------------------------------------------------------------------------------------------------------------------------------------------------------------------------------------------------------------------------------------------------------------------------------------------------------------------------------------------------------------------------------------------------------------------------------------------------------------------------------------------------------------------------------------------------------------------------------------------------------------------------------------------------------------------------------------------------------------------------------------------------------------------------------------------------------------------------------------------------------------------------------------------------------------------------------------------------------------------------------------------------------------------------------------------------------------------------------------------------------------------------------------------------------------------------------------------------------------------------------------------------------------------------------------------------------------------------------------------------------------------------------------------------------------------------------------------------------------------------------------------------------------------------------------------------------------------------------------------------------------------------------------------------------------------------------------------------------------------------------------------------------------------------------------------------------------------------------------------------------------------------------------------------------------------------------------------------------------------------------------------------------------------------------------------------------------------------------------------------------------------------------------------------------------------------------------------------------------------------------------------------------------------------------------------------------------------------------------------------------------------------------------------------------------------------------------------------------------------------------------------------------------------------------------------------------------------------------------------------------------------------------------------------------------------------------------------------------------------------------------------------------------------------------------------------------------------------------------------------------------------------------------------------------------------------------- -------------------------------------------------------------------------------------------------------------------------------------------------------------------------------------------------------------------------------------------------------------------------------------------------------------------------------------------------------------------------------------------------------------------------------------------------------------------------------------------------------------------------------------------------------------------------------------------------------------------------------------------------------------------------------------------------------------------------------------------------------------------------------------------------------------------------------------------------------------------------------------------------------------------------------------------------------------------------------------------------------------------------------------------------------------------------------------------------------------------------------------------------------------------------------------------------------------------------------------------------------------------------------------------------------------------------------------------------------------------------------------------------------------------------------------------------------------------------------------------------------------------------------------------------------------------------------------------------------------------------------------------------------------------------------------------------------------------------------------------------------------------------------------------------------------------------------------------------------------------------------------------------------------------------------------------------------------------------------------------------------------------------------------------------------------------------------------------------------------------------------------------------------------------------------------------------------------------------------------------------------------------------------------------------------------------------------------------------------------------------------------------------------------------------------------------------------------------------------------------------------------------------------------------------------------------------------------------------------------------------------------------------------------------------------------------------------------------------------------------------------------------------------------------------------------------------------------------------------------------------------------------------------------------------------------------------------------------------------------------------------------------------------------------------------------------------------------------------------------------------------------------------------------------------------------------------------------------------------------------------------------------------------------------------------------------------------------------------------------------------------------------------------------------------------------------------------------------------------------------------------------------------------------------------------------------------------------------------------------------------------------------------------------------------------------------------------------------------------------------------------------------------------------------------------------------------------------------------------------------------------------------------------------------------------------------------------------------------------------------------------------------------------------------------------------------------------------------------------------------------------------------------------------------------------------------------------------------------------------------------------------------------------------------------------------------------------------------------------------------------------------------------------------------------------------------------------------------------------------------------------------------------------------------------------------------------------------------------------------------------------------------------------------------------------------------------------------------------------------------------------------------------------------------------------------------------------------------------------------------------------------------------------------------------------------------------------------------------------------------------------------------------------------------------------------------------------------------------------------------------------------------------------------------------------------------------------------------------------------------------------------------------------------------------------------------------------------------------------------------------------------------------------------------------------------------------------------------------------------------------------------------------------------------------------------------------------------------------------------------------------------------------------------------------------------------------------------------------------------------------------------------------------------------------------------------------------------------------------------------------------------------------------------------------------------------------------------------------------------------------------------------------------------------------------------------------------------------------------------------------------------------------------------------------------------------------------------------------------------------------------------------------------------------------------------------------------------------------------------------------------------------------------------------------------------------------------------------------------------------------------------------------------------------------------------------------------------------------------------------------------------------------------------------------------------------------------------------------------------------------------------------------------------------------------------------------------------------------------------------------------------------------------------------------------------------------------------------------------------------------------------------------------------------------------------------------------------------------------------------------------------------------------------------------------------------------------------------------------------------------------------------------------------------------------------------------------------------------------------------------------------------------------------------------------------------------------------------------------------------------------------------------------------------------------------------------------------------------------------------------------------------------------------------------------------------------------------------------------------------------------------------------------------------------------------------------------------------------------------------------------------------------------------------------------------------------------------------------------------------------------------------------------------------------------------------------------------------------------------------------------------------------------------------------------------------------------------------------------------------------------------------------------------------------------------------------------- -------------------------------------------------------------------------------------------------------------------------------------------------------------------------------------------------------------------------------------------------------------------------------------------------------------------------------------------------------------------------------------------------------------------------------------------------------------------------------------------------------------------------------------------------------------------------------------------------------------------------------------------------------------------------------------------------------------------------------------------------------------------------------------------------------------------------------------------------------------------------------------------------------------------------------------------------------------------------------------------------------------------------------------------------------------------------------------------------------------------------------------------------------------------------------------------------------------------------------------------------------------------------------------------------------------------------------------------------------------------------------------------------------------------------------------------------------------------------------------------------------------------------------------------------------------------------------------------------------------------------------------------------------------------------------------------------------------------------------------------------------------------------------------------------------------------------------------------------------------------------------------------------------------------------------------------------------------------------------------------------------------------------------------------------------------------------------------------------------------------------------------------------------------------------------------------------------------------------------------------------------------------------------------------------------------------------------------------------------------------------------------------------------------------------------------------------------------------------------------------------------------------------------------------------------------------------------------------------------------------------------------------------------------------------------------------------------------------------------------------------------------------------------------------------------------------------------------------------------------------------------------------------------------------------------------------------------------------------------------------------------------------------------------------------------------------------------------------------------------------------------------------------------------------------------------------------------------------------------------------------------------------------------------------------------------------------------------------------------------------------------------------------------------------------------------------------------------------------------------------------------------------------------------------------------------------------------------------------------------------------------------------------------------------------------------------------------------------------------------------------------------------------------------------------------------------------------------------------------------------------------------------------------------------------------------------------------------------------------------------------------------------------------------------------------------------------------------------------------------------------------------------------------------------------------------------------------------------------------------------------------------------------------------------------------------------------------------------------------------------------------------------------------------------------------------------------------------------------------------------------------------------------------------------------------------------------------------------------------------------------------------------------------------------------------------------------------------------------------------------------------------------------------------------------------------------------------------------------------------------------------------------------------------------------------------------------------------------------------------------------------------------------------------------------------------------------------------------------------------------------------------------------------------------------------------------------------------------------------------------------------------------------------------------------------------------------------------------------------------------------------------------------------------------------------------------------------------------------------------------------------------------------------------------------------------------------------------------------------------------------------------------------------------------------------------------------------------------------------------------------------------------------------------------------------------------------------------------------------------------------------------------------------------------------------------------------------------------------------------------------------------------------------------------------------------------------------------------------------------------------------------------------------------------------------------------------------------------------------------------------------------------------------------------------------------------------------------------------------------------------------------------------------------------------------------------------------------------------------------------------------------------------------------------------------------------------------------------------------------------------------------------------------------------------------------------------------------------------------------------------------------------------------------------------------------------------------------------------------------------------------------------------------------------------------------------------------------------------------------------------------------------------------------------------------------------------------------------------------------------------------------------------------------------------------------------------------------------------------------------------------------------------------------------------------------------------------------------------------------------------------------------------------------------------------------------------------------------------------------------------------------------------------------------------------------------------------------------------------------------------------------------------------------------------------------------------------------------------------------------------------------------------------------------------------------------------------------------------------------------------------------------------------------------------------------------------------------------------------------------------------------------------------------------------------------------------------------------------------------------------------------------------------------------------------------------------------------------------------------------------------------------------------------------------------------------------------- --------------------------------------------------------------------------------------------------------------------------------------------------------------------------------------------------------------------------------------------------------------------------------------------------------------------------------------------------------------------------------------------------------------------------------------------------------------------------------------------------------------------------------------------------------------------------------------------------------------------------------------------------------------------------------------------------------------------------------------------------------------------------------------------------------------------------------------------------------------------------------------------------------------------------------------------------------------------------------------------------------------------------------------------------------------------------------------------------------------------------------------------------------------------------------------------------------------------------------------------------------------------------------------------------------------------------------------------------------------------------------------------------------------------------------------------------------------------------------------------------------------------------------------------------------------------------------------------------------------------------------------------------------------------------------------------------------------------------------------------------------------------------------------------------------------------------------------------------------------------------------------------------------------------------------------------------------------------------------------------------------------------------------------------------------------------------------------------------------------------------------------------------------------------------------------------------------------------------------------------------------------------------------------------------------------------------------------------------------------------------------------------------------------------------------------------------------------------------------------------------------------------------------------------------------------------------------------------------------------------------------------------------------------------------------------------------------------------------------------------------------------------------------------------------------------------------------------------------------------------------------------------------------------------------------------------------------------------------------------------------------------------------------------------------------------------------------------------------------------------------------------------------------------------------------------------------------------------------------------------------------------------------------------------------------------------------------------------------------------------------------------------------------------------------------------------------------------------------------------------------------------------------------------------------------------------------------------------------------------------------------------------------------------------------------------------------------------------------------------------------------------------------------------------------------------------------------------------------------------------------------------------------------------------------------------------------------------------------------------------------------------------------------------------------------------------------------------------------------------------------------------------------------------------------------------------------------------------------------------------------------------------------------------------------------------------------------------------------------------------------------------------------------------------------------------------------------------------------------------------------------------------------------------------------------------------------------------------------------------------------------------------------------------------------------------------------------------------------------------------------------------------------------------------------------------------------------------------------------------------------------------------------------------------------------------------------------------------------------------------------------------------------------------------------------------------------------------------------------------------------------------------------------------------------------------------------------------------------------------------------------------------------------------------------------------------------------------------------------------------------------------------------------------------------------------------------------------------------------------------------------------------------------------------------------------------------------------------------------------------------------------------------------------------------------------------------------------------------------------------------------------------------------------------------------------------------------------------------------------------------------------------------------------------------------------------------------------------------------------------------------------------------------------------------------------------------------------------------------------------------------------------------------------------------------------------------------------------------------------------------------------------------------------------------------------------------------------------------------------------------------------------------------------------------------------------------------------------------------------------------------------------------------------------------------------------------------------------------------------------------------------------------------------------------------------------------------------------------------------------------------------------------------------------------------------------------------------------------------------------------------------------------------------------------------------------------------------------------------------------------------------------------------------------------------------------------------------------------------------------------------------------------------------------------------------------------------------------------------------------------------------------------------------------------------------------------------------------------------------------------------------------------------------------------------------------------------------------------------------------------------------------------------------------------------------------------------------------------------------------------------------------------------------------------------------------------------------------------------------------------------------------------------------------------------------------------------------------------------------------------------------------------------------------------------------------------------------------------------------------------------------------------------------------------------------------------------------------------------------------------------------------------------------------------------------------------------------------------------------------------------------------------------------------------------------------------------
Developer Edition (64-bit)                                                                                                                                                                                                                                                                                                                                                                                                                                                                                                                                                                                                                                                                                                                                                                                                                                                                                                                                                                                                                                                                                                                                                                                                                                                                                                                                                                                                                                                                                                                                                                                                                                                                                                                                                                                                                                                                                                                                                                                                                                                                                                                                                                                                                                                                                                                                                                                                                                                                                                                                                                                                                                                                                                                                                                                                                                                                                                                                                                                                                                                                                                                                                                                                                                                                                                                                                                                                                                                                                                                                                                                                                                                                                                                                                                                                                                                                                                                                                                                                                                                                                                                                                                                                                                                                                                                                                                                                                                                                                                                                                                                                                                                                                                                                                                                                                                                                                                                                                                                                                                                                                                                                                                                                                                                                                                                                                                                                                                                                                                                                                                                                                                                                                                                                                                                                                                                                                                                                                                                                                                                                                                                                                                                                                                                                                                                                                                                                                                                                                                                                                                                                                                                                                                                                                                                                                                                                                                                                                                                                                                                                                                                                                                                                                                                                                                                                                                                                                                                                                                                                                                                                                                                                                                                                                                                                                                                                                                                                                                                                                                                                                                                                                                                                                                                                                                       16.0.4265.3                                                                                                                                                                                                                                                                                                                                                                                                                                                                                                                                                                                                                                                                                                                                                                                                                                                                                                                                                                                                                                                                                                                                                                                                                                                                                                                                                                                                                                                                                                                                                                                                                                                                                                                                                                                                                                                                                                                                                                                                                                                                                                                                                                                                                                                                                                                                                                                                                                                                                                                                                                                                                                                                                                                                                                                                                                                                                                                                                                                                                                                                                                                                                                                                                                                                                                                                                                                                                                                                                                                                                                                                                                                                                                                                                                                                                                                                                                                                                                                                                                                                                                                                                                                                                                                                                                                                                                                                                                                                                                                                                                                                                                                                                                                                                                                                                                                                                                                                                                                                                                                                                                                                                                                                                                                                                                                                                                                                                                                                                                                                                                                                                                                                                                                                                                                                                                                                                                                                                                                                                                                                                                                                                                                                                                                                                                                                                                                                                                                                                                                                                                                                                                                                                                                                                                                                                                                                                                                                                                                                                                                                                                                                                                                                                                                                                                                                                                                                                                                                                                                                                                                                                                                                                                                                                                                                                                                                                                                                                                                                                                                                                                                                                                                                                                                                                                                      RTM                                                                                                                                                                                                                                                                                                                                                                                                                                                                                                                                                                                                                                                                                                                                                                                                                                                                                                                                                                                                                                                                                                                                                                                                                                                                                                                                                                                                                                                                                                                                                                                                                                                                                                                                                                                                                                                                                                                                                                                                                                                                                                                                                                                                                                                                                                                                                                                                                                                                                                                                                                                                                                                                                                                                                                                                                                                                                                                                                                                                                                                                                                                                                                                                                                                                                                                                                                                                                                                                                                                                                                                                                                                                                                                                                                                                                                                                                                                                                                                                                                                                                                                                                                                                                                                                                                                                                                                                                                                                                                                                                                                                                                                                                                                                                                                                                                                                                                                                                                                                                                                                                                                                                                                                                                                                                                                                                                                                                                                                                                                                                                                                                                                                                                                                                                                                                                                                                                                                                                                                                                                                                                                                                                                                                                                                                                                                                                                                                                                                                                                                                                                                                                                                                                                                                                                                                                                                                                                                                                                                                                                                                                                                                                                                                                                                                                                                                                                                                                                                                                                                                                                                                                                                                                                                                                                                                                                                                                                                                                                                                                                                                                                                                                                                                                                                                                                              0                                                                                                                                                                                                                                                                                                                                                                                                                                                                                                                                                                                                                                                                                                                                                                                                                                                                                                                                                                                                                                                                                                                                                                                                                                                                                                                                                                                                                                                                                                                                                                                                                                                                                                                                                                                                                                                                                                                                                                                                                                                                                                                                                                                                                                                                                                                                                                                                                                                                                                                                                                                                                                                                                                                                                                                                                                                                                                                                                                                                                                                                                                                                                                                                                                                                                                                                                                                                                                                                                                                                                                                                                                                                                                                                                                                                                                                                                                                                                                                                                                                                                                                                                                                                                                                                                                                                                                                                                                                                                                                                                                                                                                                                                                                                                                                                                                                                                                                                                                                                                                                                                                                                                                                                                                                                                                                                                                                                                                                                                                                                                                                                                                                                                                                                                                                                                                                                                                                                                                                                                                                                                                                                                                                                                                                                                                                                                                                                                                                                                                                                                                                                                                                                                                                                                                                                                                                                                                                                                                                                                                                                                                                                                                                                                                                                                                                                                                                                                                                                                                                                                                                                                                                                                                                                                                                                                                                                                                                                                                                                                                                                                                                                                                                                                                                                                                                               

(1 rows affected)

--- was MSSQL_AGENT_ENABLED passed to the container? ---
    MSSQL_AGENT_ENABLED=true

--- does the instance report Agent as running? ---
ml_services services_visible
----------- ----------------
yes                        1

(1 rows affected)

--- registered services (Agent appears here when enabled) ---
servicename                                                                                                                                                                                                                                                      status_desc                                                                                                                                                                                                                                                      startup_type_desc                                                                                                                                                                                                                                               
---------------------------------------------------------------------------------------------------------------------------------------------------------------------------------------------------------------------------------------------------------------- ---------------------------------------------------------------------------------------------------------------------------------------------------------------------------------------------------------------------------------------------------------------- ----------------------------------------------------------------------------------------------------------------------------------------------------------------------------------------------------------------------------------------------------------------
SQL Server Agent (MSSQLSERVER)                                                                                                                                                                                                                                   Running                                                                                                                                                                                                                                                          Automatic                                                                                                                                                                                                                                                       

(1 rows affected)

--- can msdb job objects be reached? ---
    msdb.dbo.sysjobs row count: 0
    msdb job tables ARE reachable, so Agent jobs could be defined

--- conclusion ---
    SQL Server Agent is present on this instance, status: Running

    The sidecar scheduler is still used, deliberately:
      * the schedule stays in version control as plain shell rather than
        as rows inside msdb, which is itself only recoverable from a backup
      * the same scripts run by hand for the drills, so what is scheduled
        and what is demonstrated are provably the same code
      * it works identically on Express edition, where Agent is absent

################################################################
# 3. Backup tiers, verification, retention
################################################################
=== DRILL 3: three-tier backup strategy ===

--- the scheduler is running and taking backups unattended ---
    sidecar status: running
    restart policy: unless-stopped

    recent scheduler log:
      2026-08-26T03:55:39Z [INFO] database AppDb is present
      2026-08-26T03:55:39Z [INFO] taking initial full backup so a restore base exists immediately
      2026-08-26T03:55:39Z [INFO] starting full backup of AppDb -> /backups/full/AppDb-full-20260826-035539.bak
      26 percent processed.
      51 percent processed.
      75 percent processed.
      100 percent processed.
      Processed 688 pages for database 'AppDb', file 'AppDb' on file 1.
      Processed 2 pages for database 'AppDb', file 'AppDb_log' on file 1.
      BACKUP DATABASE successfully processed 690 pages in 0.120 seconds (44.889 MB/sec).
      The backup set on file 1 is valid.
      2026-08-26T03:55:39Z [INFO] full backup complete and verified: /backups/full/AppDb-full-20260826-035539.bak (610304 bytes)

--- taking one of each tier on demand (same code the scheduler runs) ---

  [full]
      2026-08-26T03:55:50Z [INFO] starting full backup of AppDb -> /backups/full/AppDb-full-20260826-035550.bak
      2026-08-26T03:55:50Z [INFO] full backup complete and verified: /backups/full/AppDb-full-20260826-035550.bak (610304 bytes)
[PASS] full backup taken and verified

  [diff]
      2026-08-26T03:55:50Z [INFO] starting diff backup of AppDb -> /backups/diff/AppDb-diff-20260826-035550.dif
      2026-08-26T03:55:50Z [INFO] diff backup complete and verified: /backups/diff/AppDb-diff-20260826-035550.dif (126976 bytes)
[PASS] diff backup taken and verified

  [log]
      2026-08-26T03:55:51Z [INFO] starting log backup of AppDb -> /backups/log/AppDb-log-20260826-035551.trn
      2026-08-26T03:55:51Z [INFO] log backup complete and verified: /backups/log/AppDb-log-20260826-035551.trn (49152 bytes)
[PASS] log backup taken and verified

--- backup history from msdb (SQL Server's own record) ---
tier finished            size_kb        compressed_kb  checksums first_lsn                   last_lsn                   
---- ------------------- -------------- -------------- --------- --------------------------- ---------------------------
LOG  2026-08-26 03:55:51          400.0           30.0         1           44000000178400001           44000000244000001
FULL 2026-08-26 03:55:50         5592.0          577.3         1           44000000231200001           44000000233600001
DIFF 2026-08-26 03:55:50          984.0          108.4         1           44000000241600001           44000000244000001
FULL 2026-08-26 03:55:39         5592.0          577.0         1           44000000208000001           44000000210400001
FULL 2026-08-26 03:55:21         5592.0          577.0         1           44000000190400001           44000000192800001
LOG  2026-08-26 02:57:44           80.0           10.1         1           44000000176000001           44000000178400001
LOG  2026-08-26 02:52:43           80.0            9.4         1           44000000173600001           44000000176000001
DIFF 2026-08-26 02:47:43          536.0           54.6         1           44000000171200001           44000000173600001
LOG  2026-08-26 02:47:43           80.0           15.3         1           44000000164000001           44000000173600001
LOG  2026-08-26 02:42:42           80.0            8.9         1           44000000161600001           44000000164000001
LOG  2026-08-26 02:37:42           80.0            8.7         1           44000000159200001           44000000161600001
LOG  2026-08-26 02:32:42           80.0           11.7         1           44000000149600001           44000000159200001

(12 rows affected)

--- every backup carries checksums ---
    backups without checksums: 0
[PASS] all backups written WITH CHECKSUM

--- files on the backups volume ---
    full  16 file(s), 9.0M
    diff  26 file(s), 2.5M
    log   30 file(s), 856K
[PASS] all three tiers have produced files on disk

--- why FULL recovery is mandatory: what SIMPLE recovery does to log backups ---
    Switching to SIMPLE and attempting a log backup, to show the failure
    rather than merely assert it. This is Msg 4208.

    recovery model now: SIMPLE

    attempting BACKUP LOG under SIMPLE recovery:
      Msg 4208, Level 16, State 1, Server b18f0ab97122, Line 1
      The statement BACKUP LOG is not allowed while the recovery model is SIMPLE. Use BACKUP DATABASE or change the recovery model using ALTER DATABASE.
      Msg 3013, Level 16, State 1, Server b18f0ab97122, Line 1
      BACKUP LOG is terminating abnormally.
[PASS] BACKUP LOG correctly FAILED under SIMPLE recovery - PITR is impossible in this model

    restoring FULL recovery model:
    recovery model now: FULL
[PASS] FULL recovery restored

    NOTE: a SIMPLE -> FULL round trip BREAKS the log chain. Until a new
    full backup is taken the database is only pseudo-FULL and log backups
    have no base. Taking one now to close the gap:
      2026-08-26T03:55:56Z [INFO] starting full backup of AppDb -> /backups/full/AppDb-full-20260826-035556.bak
      2026-08-26T03:55:56Z [INFO] full backup complete and verified: /backups/full/AppDb-full-20260826-035556.bak (610304 bytes)
[PASS] log chain re-established after the recovery model round trip

--- retention ---
    windows: full=1440m diff=360m log=120m
      2026-08-26T03:55:57Z [INFO] retention pass starting
      2026-08-26T03:55:57Z [INFO] retention: full 17 -> 17 files (window 1440m)
      2026-08-26T03:55:57Z [INFO] retention: removed differential backup AppDb-diff-20260825-213215.dif (older than 360m)
      2026-08-26T03:55:57Z [INFO] retention: removed differential backup AppDb-diff-20260825-211714.dif (older than 360m)
      2026-08-26T03:55:57Z [INFO] retention: removed differential backup AppDb-diff-20260825-214716.dif (older than 360m)
      2026-08-26T03:55:57Z [INFO] retention: removed differential backup AppDb-diff-20260825-205827.dif (older than 360m)
      2026-08-26T03:55:57Z [INFO] retention: removed differential backup AppDb-diff-20260825-210224.dif (older than 360m)
      2026-08-26T03:55:57Z [INFO] retention: differential 26 -> 21 files (window 360m)
      2026-08-26T03:55:57Z [INFO] retention: removed log backup AppDb-log-20260826-011235.trn (older than 120m)
      2026-08-26T03:55:57Z [INFO] retention: removed log backup AppDb-log-20260826-011735.trn (older than 120m)
      2026-08-26T03:55:57Z [INFO] retention: removed log backup AppDb-log-20260826-010735.trn (older than 120m)
      2026-08-26T03:55:57Z [INFO] retention: removed log backup AppDb-log-20260826-014738.trn (older than 120m)
      2026-08-26T03:55:57Z [INFO] retention: removed log backup AppDb-log-20260826-013737.trn (older than 120m)
      2026-08-26T03:55:57Z [INFO] retention: removed log backup AppDb-log-20260826-015238.trn (older than 120m)
      2026-08-26T03:55:57Z [INFO] retention: removed log backup AppDb-log-20260826-005733.trn (older than 120m)
      2026-08-26T03:55:57Z [INFO] retention: removed log backup AppDb-log-20260826-004232.trn (older than 120m)
      2026-08-26T03:55:57Z [INFO] retention: removed log backup AppDb-log-20260826-004733.trn (older than 120m)
      2026-08-26T03:55:57Z [INFO] retention: removed log backup AppDb-log-20260826-013236.trn (older than 120m)
      2026-08-26T03:55:57Z [INFO] retention: removed log backup AppDb-log-20260826-012736.trn (older than 120m)
      2026-08-26T03:55:57Z [INFO] retention: removed log backup AppDb-log-20260826-005233.trn (older than 120m)
      2026-08-26T03:55:57Z [INFO] retention: removed log backup AppDb-log-20260826-003732.trn (older than 120m)
      2026-08-26T03:55:57Z [INFO] retention: removed log backup AppDb-log-20260826-012236.trn (older than 120m)
      2026-08-26T03:55:57Z [INFO] retention: removed log backup AppDb-log-20260826-014237.trn (older than 120m)
      2026-08-26T03:55:57Z [INFO] retention: removed log backup AppDb-log-20260826-010234.trn (older than 120m)
      2026-08-26T03:55:57Z [INFO] retention: log 31 -> 15 files (window 120m)
      2026-08-26T03:55:57Z [INFO] retention pass complete
[PASS] retention pass executed

RESULT: DRILL 3 PASSED

################################################################
# 4. DRILL: destroy and restore round trip
################################################################
=== DRILL 1: backup -> destroy -> restore round trip ===

--- 1. state before any damage ---
    customers  : 60
    products   : 40
    orders     : 300
    order_items: 750
    fingerprint: 60|40|300|750|1717351129|1666377240|1234855848|-361695091|33093050
[PASS] captured a pre-damage fingerprint

--- 2. full backup (WITH CHECKSUM), then RESTORE VERIFYONLY ---
BACKUP DATABASE successfully processed 690 pages in 0.096 seconds (56.111 MB/sec).
[PASS] full backup written
The backup set on file 1 is valid.
[PASS] RESTORE VERIFYONLY passed - the backup is restorable
    backup size: 5726208 bytes

--- 3. DESTROYING data ---
    deleting every order_item row, and dropping dbo.products entirely

(300 rows affected)

--- 4. proving the damage is real ---
    order_items rows now : 0
    orders rows now      : 0
    foreign keys now     : 2 (was 3)
    dbo.products exists  : 0 (0 = dropped)
[PASS] order_items emptied
[PASS] orders emptied
[PASS] dbo.products dropped - schema damage, not just data loss

--- 5. restoring from the backup ---
100 percent processed.
RESTORE DATABASE successfully processed 690 pages in 0.059 seconds (91.300 MB/sec).
    restore wall time: 2164 ms
[PASS] RESTORE DATABASE completed

--- 6. does the restored data match the original EXACTLY? ---
    customers  : 60 -> 60
    products   : 40 -> 40
    orders     : 300 -> 300
    order_items: 750 -> 750

    fingerprint before: 60|40|300|750|1717351129|1666377240|1234855848|-361695091|33093050
    fingerprint after : 60|40|300|750|1717351129|1666377240|1234855848|-361695091|33093050
[PASS] fingerprints are IDENTICAL - the restore is exact, not merely approximate
[PASS] order_items row count restored (750)
[PASS] dbo.products table and rows restored (40)
    orphaned rows across all foreign keys: 0
[PASS] referential integrity intact after restore
    foreign keys restored : 3
    check constraints     : 7
[PASS] foreign keys restored with the schema

RESULT: DRILL 1 PASSED

################################################################
# 5. DRILL: point-in-time recovery
################################################################
=== DRILL 2: point-in-time recovery ===

--- 0. preconditions ---
    recovery model: FULL
[PASS] FULL recovery model - transaction log backups are possible

--- t0. full backup (the base of the chain) ---
BACKUP DATABASE successfully processed 690 pages in 0.091 seconds (59.194 MB/sec).
[PASS] base full backup taken

--- t1. INSERT marker A ---
    MARKER-A committed at (server time): 2026-08-26T03:56:11.727

--- t2. transaction log backup #1 ---
BACKUP LOG successfully processed 14 pages in 0.019 seconds (5.756 MB/sec).
[PASS] log backup #1 taken

--- t3. record the recovery target ---
    STOPAT target (server local time): 2026-08-26T03:56:16.115

--- t4. INSERT marker B (AFTER the recovery target) ---
    MARKER-B committed at (server time): 2026-08-26T03:56:19.536

    timeline:  A=2026-08-26T03:56:11.727   STOPAT=2026-08-26T03:56:16.115   B=2026-08-26T03:56:19.536
    markers currently in the database: 2 (expect 2)
[PASS] both markers present before recovery

--- t5. transaction log backup #2 (contains marker B) ---
BACKUP LOG successfully processed 3 pages in 0.013 seconds (1.802 MB/sec).
[PASS] log backup #2 taken

--- restore chain: full NORECOVERY -> log NORECOVERY -> log STOPAT RECOVERY ---
    NORECOVERY leaves the database in RESTORING state so further log files
    can be applied. Only the final restore uses RECOVERY, which rolls back
    uncommitted transactions and brings the database online. Using RECOVERY
    too early ends the chain and makes the remaining logs unusable.

    [1/3] RESTORE DATABASE ... WITH NORECOVERY
RESTORE DATABASE successfully processed 690 pages in 0.051 seconds (105.621 MB/sec).
          database state now: RESTORING
[PASS] database is RESTORING - the chain is open
    [2/3] RESTORE LOG #1 ... WITH NORECOVERY
RESTORE LOG successfully processed 14 pages in 0.025 seconds (4.375 MB/sec).
[PASS] log #1 applied
    [3/3] RESTORE LOG #2 ... WITH STOPAT, RECOVERY
          STOPAT = 2026-08-26T03:56:16.115
RESTORE LOG successfully processed 3 pages in 0.026 seconds (0.901 MB/sec).
[PASS] log #2 applied with STOPAT, database recovered
    point-in-time restore wall time: 3584 ms

--- the proof: which markers survived? ---
    database state: ONLINE
    MARKER-A (committed BEFORE the target): 1
    MARKER-B (committed AFTER  the target): 0
    total markers: 1
[PASS] database is ONLINE after recovery
[PASS] MARKER-A survived - data committed before the target was recovered
[PASS] MARKER-B is ABSENT - recovery genuinely stopped at the target instant
    customers after PITR  : 60
    order_items after PITR: 750
[PASS] the seeded schema survived the point-in-time restore intact

RESULT: DRILL 2 PASSED

################################################################
# SUMMARY
################################################################

    CHECK                                          RESULT
    ---------------------------------------------- ------
    0. Bring up, schema and seed (idempotent)      PASS
    1. Schema and data inventory                   PASS
    2. SQL Server Agent availability               PASS
    3. Backup tiers, verification, retention       PASS
    4. DRILL: destroy and restore round trip       PASS
    5. DRILL: point-in-time recovery               PASS

finished: 2026-08-26 06:56:28 +0300
RESULT: ALL 6 CHECKS PASSED
EXIT CODE : 0

